{
  "nodes": {
    "train_by_mysql#1": {
      "contentWidth": 1180.857536151483,
      "rfNode": {
        "position": {
          "x": 82.05926472954837,
          "y": -87.21140655003343
        }
      },
      "sections": {
        "inputs": {
          "collapsed": {
            "mysql": {
              "[]": false
            }
          }
        }
      }
    }
  }
}