{
  "nodes": {
    "delete_training_data#1": {
      "contentWidth": 496.3964318007415,
      "rfNode": {
        "position": {
          "x": 249.05415377004863,
          "y": 153.11913344265008
        }
      }
    }
  }
}